,id,listing_url,scrape_id,last_scraped,source,name,description,neighborhood_overview,picture_url,host_id,host_url,host_name,host_since,host_location,host_about,host_response_time,host_response_rate,host_acceptance_rate,host_is_superhost,host_thumbnail_url,host_picture_url,host_neighbourhood,host_listings_count,host_total_listings_count,host_verifications,host_has_profile_pic,host_identity_verified,neighbourhood,neighbourhood_cleansed,neighbourhood_group_cleansed,latitude,longitude,property_type,room_type,accommodates,bathrooms,bathrooms_text,bedrooms,beds,amenities,price,minimum_nights,maximum_nights,minimum_minimum_nights,maximum_minimum_nights,minimum_maximum_nights,maximum_maximum_nights,minimum_nights_avg_ntm,maximum_nights_avg_ntm,calendar_updated,has_availability,availability_30,availability_60,availability_90,availability_365,calendar_last_scraped,number_of_reviews,number_of_reviews_ltm,number_of_reviews_l30d,first_review,last_review,review_scores_rating,review_scores_accuracy,review_scores_cleanliness,review_scores_checkin,review_scores_communication,review_scores_location,review_scores_value,license,instant_bookable,calculated_host_listings_count,calculated_host_listings_count_entire_homes,calculated_host_listings_count_private_rooms,calculated_host_listings_count_shared_rooms,reviews_per_month
148,31969327,https://www.airbnb.com/rooms/31969327,20230300000000.0,01/04/23,city scrape,La Portenya,"Villa in Calonge, Catalonia, Spain with private pool for 8 persons. The villa is situated in a coastal and urban area, close to restaurants and bars, supermarkets and at 3 km from Torre Valentina beach. The villa has 4 bedrooms, 3 bathrooms and 1 guest toilet, spread over 2 levels. The vicinity of the beach, places to shop, sports activities, entertainment facilities and places to go out makes this a fine villa to celebrate your holidays with family or friends.Interior of the villa<br /><br /><b>The space</b><br /><p>Villa in Calonge, Catalonia, Spain with private pool for 8 persons. The villa is situated in a coastal and urban area, close to restaurants and bars, supermarkets and at 3 km from Torre Valentina beach. <br /><br />The villa has 4 bedrooms, 3 bathrooms and 1 guest toilet, spread over 2 levels. The vicinity of the beach, places to shop, sports activities, entertainment facilities and places to go out makes this a fine villa to celebrate your holidays with family or friends.","Calonge, Calonge, Catalonia",https://a0.muscache.com/pictures/5a798700-2879-4ada-ada8-c14e52c9c6e7.jpg,129837136,https://www.airbnb.com/users/show/129837136,Quality Estates,11/05/17,Spain,,within a few hours,65%,76.0,f,https://a0.muscache.com/im/pictures/user/4d818115-5375-49c4-83e9-b1f1db7ec064.jpg?aki_policy=profile_small,https://a0.muscache.com/im/pictures/user/4d818115-5375-49c4-83e9-b1f1db7ec064.jpg?aki_policy=profile_x_medium,,28.0,73.0,"['email', 'phone']",t,t,"Calonge, Catalunya, Spain",Calonge,,41.86232,3.07854,Entire villa,Entire home/apt,8,0,3 baths,4,4,"[""Harbor view"", ""Refrigerator"", ""Valley view"", ""Microwave"", ""Private entrance"", ""Private outdoor pool"", ""Pets allowed"", ""Dishes and silverware"", ""Sea view"", ""Bay view"", ""Bed linens"", ""Cooking basics"", ""Backyard"", ""TV"", ""Bathtub"", ""Free washer â In unit"", ""Oven"", ""Crib"", ""Kitchen"", ""Freezer"", ""Dishwasher"", ""Dining table"", ""Coffee maker"", ""Essentials"", ""Free parking on premises â 1 space"", ""Wifi""]",20000.0,7,730,7,7,730,730,7.0,730.0,0,t,0,0,0,90,01/04/23,0,0,0,sin informaciÃ³n,sin informaciÃ³n,0.0,0.0,0.0,0.0,0.0,0.0,0.0,HUTG-029082,t,27,27,0,0,0.0
2584,41784831,https://www.airbnb.com/rooms/41784831,20230300000000.0,31/03/23,city scrape,Delux Villa in Vilacolum with Swimming Pool,"Located in Vilacolum, this lavish 3-bedroom villa can host 6 people comfortably. The swimming pool is perfect to take refreshing dips with your family and friends. <br /><br /><br /><br />Chill out at the beach 7 km away and enjoy all the fun-filled activities going around. You can stock your pantry from supermarket at 2 km and try local delicacies from restaurants at 4 km. You can also experience the local culture from the town centre of Figueres,11 km away. <br /><br /><br /><br />The heating and air-conditioning will keep you comfortable during any climate. Prepare delicious grilled barbecues on the terrace and relish it with your favourite beverage while relaxing on the garden furniture. Garden is fenced where your kids can play safely. Washer and Dryer in the laundry room shall help with the laundry services. <br /><br /><br /><br />The nearest airport is 45 km away. <br /><br /><br /><br />Check-in between 4 Ã¢ÂÂ 7 PM and check-out between 8 Ã¢ÂÂ 10 AM.<br /><br />Layout: Ground floor:",,https://a0.muscache.com/pictures/c2796ce1-d475-40f7-a18d-f2ca92c782e5.jpg,270230553,https://www.airbnb.com/users/show/270230553,Linda - BELVILLA,21/06/19,"ZÃÂ¼rich, Switzerland","Hi, IÃ¢ÂÂm Linda. IÃ¢ÂÂm part of the Belvilla Customer service team. My colleagues and I are looking forward to assist you when booking our properties on Airbnb. You can count on our support before, during and after your holiday. Any questions? Just let us know!

Belvilla is a leading European specialist in the rental of unique, self-catering holiday homes and apartments. We bring more than 35 years of experience in satisfying our guests (you!) and helping them find the perfect holiday. When you stay in a Belvilla home, you can be sure you will enjoy a unique holiday home in ideal surroundings. WeÃ¢ÂÂre looking forward to welcoming you in a Belvilla and love to hear from you!
",within an hour,100%,98.0,f,https://a0.muscache.com/im/pictures/user/9539f377-1097-4f0a-8890-b7ab47df98da.jpg?aki_policy=profile_small,https://a0.muscache.com/im/pictures/user/9539f377-1097-4f0a-8890-b7ab47df98da.jpg?aki_policy=profile_x_medium,UrbanizaciÃÂ³n Cometa III,760.0,891.0,"['email', 'phone']",t,t,,Torroella de FluviÃÂ ,,42.1936,3.02802,Entire villa,Entire home/apt,8,0,3 baths,4,8,"[""Air conditioning"", ""Refrigerator"", ""Microwave"", ""Private entrance"", ""Free street parking"", ""Hangers"", ""Heating"", ""Smoke alarm"", ""Washer"", ""Bathtub"", ""Oven"", ""Dedicated workspace"", ""Kitchen"", ""Pool"", ""Dishwasher"", ""Dryer"", ""BBQ grill"", ""Coffee maker"", ""Essentials"", ""TV with standard cable"", ""Wifi""]",15960.0,1,28,1,1,28,28,1.0,28.0,0,t,30,60,90,365,31/03/23,3,0,0,28/06/20,05/09/21,3.67,4.0,3.0,3.67,3.67,4.67,4.0,HUTG/028780,t,56,56,0,0,0.09
