,room_type
0,False
1,False
2,True
3,False
4,True
5,False
6,True
7,True
8,False
9,False
10,False
11,True
12,False
13,True
14,False
15,False
16,False
17,True
18,False
19,False
20,False
21,False
22,False
23,False
24,False
25,False
26,True
27,False
28,False
29,False
30,False
31,True
32,True
33,False
34,False
35,False
36,False
37,False
38,True
39,False
40,False
41,False
42,False
43,True
44,True
45,True
46,True
47,False
48,False
49,False
50,False
51,False
52,False
53,True
54,False
55,True
56,False
57,False
58,False
59,False
60,False
61,False
62,True
63,True
64,False
65,False
66,False
67,False
68,True
69,True
70,True
71,False
72,False
73,False
74,True
75,False
76,True
77,False
78,False
79,False
80,False
81,False
82,False
83,True
84,False
85,True
86,False
87,False
88,True
89,False
90,False
91,False
92,False
93,True
94,False
95,False
96,True
97,False
98,False
99,False
100,False
101,True
102,False
103,False
104,False
105,True
106,True
107,True
108,False
109,False
110,False
111,False
112,False
113,False
114,False
115,False
116,False
117,False
118,False
119,False
120,True
121,False
122,False
123,False
124,True
125,False
126,False
127,False
128,False
129,True
130,False
131,True
132,True
133,True
134,False
135,False
136,True
137,False
138,False
139,False
140,False
141,False
142,True
143,False
144,False
145,False
146,False
147,False
148,False
149,False
150,False
151,False
152,False
153,True
154,False
155,False
156,False
157,True
158,False
159,False
160,False
161,False
162,True
163,True
164,True
165,False
166,False
167,True
168,True
169,False
170,True
171,True
172,False
173,False
174,False
175,False
176,False
177,False
178,True
179,True
180,False
181,False
182,True
183,False
184,True
185,True
186,False
187,False
188,False
189,False
190,False
191,False
192,True
193,True
194,False
195,True
196,False
197,False
198,False
199,True
200,True
201,True
202,False
203,True
204,True
205,False
206,False
207,False
208,False
209,False
210,False
211,False
212,False
213,False
214,False
215,False
216,False
217,True
218,True
219,True
220,False
221,True
222,False
223,False
224,False
225,True
226,False
227,False
228,False
229,False
230,False
231,True
232,False
233,False
234,False
235,True
236,False
237,False
238,False
239,False
240,False
241,False
242,True
243,False
244,False
245,False
246,False
247,False
248,False
249,False
250,True
251,False
252,True
253,False
254,False
255,False
256,True
257,True
258,False
259,False
260,False
261,False
262,False
263,False
264,False
265,False
266,False
267,True
268,False
269,False
270,False
271,False
272,False
273,False
274,False
275,False
276,True
277,True
278,True
279,True
280,True
281,False
282,False
283,False
284,False
285,True
286,False
287,False
288,True
289,True
290,False
291,False
292,True
293,True
294,False
295,False
296,False
297,False
298,True
299,False
300,False
301,False
302,False
303,False
304,False
305,True
306,False
307,False
308,False
309,True
310,True
311,False
312,True
313,True
314,False
315,False
316,True
317,False
318,False
319,False
320,True
321,False
322,False
323,False
324,False
325,False
326,True
327,True
328,False
329,False
330,False
331,False
332,False
333,True
334,True
335,False
336,True
337,False
338,False
339,False
340,False
341,False
342,False
343,False
344,False
345,True
346,False
347,True
348,False
349,False
350,False
351,False
352,True
353,True
354,False
355,False
356,False
357,False
358,False
359,False
360,False
361,True
362,False
363,False
364,True
365,False
366,False
367,False
368,False
369,False
370,True
371,False
372,False
373,False
374,False
375,True
376,False
377,True
378,True
379,False
380,False
381,False
382,False
383,False
384,False
385,False
386,False
387,True
388,True
389,False
390,True
391,False
392,False
393,True
394,False
395,False
396,True
397,True
398,True
399,True
400,False
401,True
402,True
403,False
404,False
405,False
406,False
407,False
408,True
409,True
410,False
411,False
412,False
413,False
414,False
415,True
416,False
417,False
418,False
419,False
420,False
421,False
422,False
423,True
424,True
425,False
426,False
427,True
428,False
429,False
430,False
431,False
432,False
433,True
434,True
435,False
436,True
437,True
438,False
439,False
440,False
441,False
442,True
443,False
444,False
445,False
446,True
447,False
448,False
449,False
450,True
451,False
452,False
453,False
454,False
455,False
456,True
457,True
458,False
459,False
460,True
461,False
462,False
463,True
464,False
465,False
466,False
467,True
468,False
469,False
470,False
471,False
472,False
473,False
474,False
475,True
476,False
477,False
478,False
479,True
480,False
481,False
482,False
483,True
484,True
485,False
486,False
487,False
488,False
489,False
490,True
491,True
492,False
493,True
494,True
495,True
496,True
497,True
498,True
499,False
500,False
501,False
502,True
503,False
504,False
505,False
506,False
507,False
508,True
509,False
510,False
511,False
512,True
513,True
514,True
515,True
516,True
517,True
518,False
519,False
520,False
521,False
522,True
523,True
524,False
525,True
526,False
527,True
528,False
529,False
530,False
531,False
532,False
533,False
534,False
535,False
536,True
537,False
538,False
539,True
540,False
541,False
542,False
543,True
544,False
545,False
546,False
547,True
548,False
549,False
550,False
551,True
552,False
553,True
554,False
555,False
556,True
557,True
558,False
559,False
560,False
561,True
562,False
563,False
564,False
565,True
566,False
567,False
568,True
569,False
570,False
571,False
572,False
573,False
574,False
575,False
576,True
577,True
578,False
579,False
580,True
581,False
582,False
583,False
584,False
585,False
586,True
587,False
588,False
589,False
590,True
591,False
592,True
593,False
594,False
595,True
596,True
597,True
598,False
599,True
600,False
601,False
602,False
603,False
604,True
605,False
606,True
607,False
608,False
609,False
610,True
611,False
612,False
613,False
614,True
615,True
616,False
617,False
618,False
619,True
620,False
621,False
622,False
623,False
624,False
625,True
626,False
627,True
628,True
629,True
630,True
631,False
632,False
633,False
634,True
635,False
636,False
637,False
638,False
639,False
640,False
641,False
642,False
643,False
644,False
645,False
646,False
647,False
648,False
649,False
650,True
651,False
652,False
653,True
654,False
655,True
656,True
657,False
658,False
659,True
660,False
661,False
662,False
663,False
664,False
665,False
666,False
667,True
668,True
669,True
670,False
671,True
672,False
673,True
674,True
675,False
676,False
677,False
678,False
679,False
680,True
681,False
682,True
683,False
684,False
685,False
686,False
687,True
688,False
689,True
690,False
691,False
692,False
693,False
694,True
695,True
696,False
697,True
698,True
699,False
700,False
701,False
702,True
703,True
704,False
705,True
706,True
707,False
708,False
709,False
710,False
711,True
712,True
713,True
714,True
715,True
716,True
717,False
718,True
719,True
720,True
721,True
722,True
723,False
724,False
725,False
726,True
727,False
728,False
729,False
730,True
731,True
732,False
733,False
734,True
735,False
736,False
737,True
738,False
739,False
740,False
741,False
742,False
743,False
744,False
745,True
746,False
747,False
748,True
749,False
750,True
751,False
752,False
753,False
754,True
755,False
756,True
757,False
758,True
759,True
760,True
761,True
762,True
763,False
764,False
765,False
766,False
767,False
768,True
769,False
770,False
771,True
772,True
773,False
774,True
775,False
776,True
777,True
778,False
779,False
780,False
781,False
782,False
783,False
784,False
785,False
786,False
787,True
788,True
789,False
790,False
791,False
792,True
793,True
794,True
795,True
796,False
797,True
798,False
799,False
800,False
801,False
802,False
803,True
804,False
805,False
806,False
807,False
808,True
809,False
810,True
811,False
812,True
813,False
814,True
815,False
816,False
817,True
818,False
819,False
820,True
821,False
822,False
823,True
824,False
825,True
826,False
827,False
828,True
829,False
830,True
831,False
832,True
833,True
834,False
835,False
836,True
837,True
838,True
839,True
840,False
841,True
842,False
843,False
844,False
845,False
846,False
847,False
848,False
849,False
850,False
851,False
852,False
853,True
854,False
855,False
856,False
857,True
858,False
859,True
860,True
861,False
862,True
863,True
864,True
865,True
866,False
867,False
868,False
869,False
870,True
871,True
872,True
873,False
874,False
875,True
876,False
877,True
878,True
879,False
880,False
881,False
882,False
883,False
884,False
885,False
886,True
887,False
888,True
889,False
890,True
891,False
892,False
893,True
894,True
895,False
896,False
897,True
898,False
899,False
900,False
901,False
902,True
903,False
904,True
905,True
906,True
907,True
908,False
909,False
910,False
911,False
912,False
913,True
914,False
915,False
916,False
917,True
918,False
919,False
920,False
921,False
922,False
923,False
924,True
925,True
926,False
927,False
928,True
929,False
930,True
931,False
932,False
933,False
934,False
935,False
936,False
937,False
938,True
939,False
940,False
941,True
942,True
943,False
944,False
945,False
946,True
947,True
948,True
949,False
950,False
951,False
952,False
953,False
954,False
955,False
956,False
957,False
958,False
959,False
960,False
961,True
962,False
963,False
964,False
965,False
966,True
967,False
968,False
969,False
970,False
971,True
972,False
973,False
974,True
975,True
976,False
977,True
978,False
979,True
980,True
981,True
982,False
983,False
984,True
985,True
986,False
987,False
988,False
989,False
990,True
991,False
992,False
993,False
994,True
995,True
996,False
997,False
998,False
999,False
1000,True
1001,False
1002,True
1003,False
1004,True
1005,False
1006,True
1007,False
1008,False
1009,True
1010,True
1011,True
1012,True
1013,False
1014,True
1015,True
1016,False
1017,False
1018,False
1019,False
1020,True
1021,False
1022,False
1023,False
1024,False
1025,False
1026,False
1027,False
1028,False
1029,False
1030,False
1031,False
1032,True
1033,True
1034,True
1035,True
1036,True
1037,True
1038,True
1039,False
1040,False
1041,False
1042,True
1043,True
1044,False
1045,False
1046,False
1047,False
1048,False
1049,False
1050,False
1051,False
1052,False
1053,False
1054,False
1055,False
1056,False
1057,True
1058,True
1059,False
1060,True
1061,False
1062,False
1063,False
1064,False
1065,True
1066,True
1067,False
1068,False
1069,False
1070,False
1071,False
1072,False
1073,False
1074,False
1075,True
1076,True
1077,False
1078,False
1079,False
1080,True
1081,False
1082,False
1083,False
1084,False
1085,False
1086,True
1087,False
1088,True
1089,True
1090,True
1091,True
1092,True
1093,True
1094,True
1095,False
1096,False
1097,False
1098,True
1099,True
1100,False
1101,False
1102,False
1103,True
1104,False
1105,False
1106,False
1107,True
1108,True
1109,False
1110,True
1111,False
1112,True
1113,True
1114,True
1115,True
1116,False
1117,True
1118,True
1119,False
1120,False
1121,False
1122,True
1123,True
1124,False
1125,False
1126,True
1127,True
1128,True
1129,True
1130,True
1131,True
1132,False
1133,True
1134,False
1135,False
1136,False
1137,False
1138,True
1139,False
1140,True
1141,True
1142,False
1143,True
1144,False
1145,True
1146,False
1147,True
1148,False
1149,False
1150,False
1151,True
1152,True
1153,True
1154,False
1155,False
1156,False
1157,True
1158,False
1159,False
1160,True
1161,False
1162,True
1163,False
1164,False
1165,True
1166,False
1167,True
1168,False
1169,False
1170,False
1171,False
1172,False
1173,True
1174,False
1175,True
1176,False
1177,False
1178,True
1179,False
1180,True
1181,False
1182,False
1183,False
1184,False
1185,True
1186,True
1187,False
1188,False
1189,True
1190,False
1191,False
1192,False
1193,True
1194,False
1195,False
1196,False
1197,True
1198,True
1199,False
1200,False
1201,False
1202,False
1203,False
1204,True
1205,False
1206,False
1207,False
1208,False
1209,False
1210,False
1211,False
1212,False
1213,False
1214,True
1215,False
1216,True
1217,False
1218,False
1219,False
1220,False
1221,False
1222,False
1223,False
1224,True
1225,False
1226,False
1227,False
1228,False
1229,False
1230,False
1231,False
1232,False
1233,False
1234,False
1235,False
1236,False
1237,False
1238,True
1239,True
1240,False
1241,True
1242,True
1243,True
1244,True
1245,False
1246,False
1247,False
1248,True
1249,False
1250,True
1251,True
1252,False
1253,False
1254,False
1255,True
1256,True
1257,False
1258,False
1259,False
1260,True
1261,False
1262,False
1263,False
1264,False
1265,False
1266,True
1267,False
1268,False
1269,True
1270,True
1271,True
1272,True
1273,True
1274,False
1275,False
1276,False
1277,False
1278,True
1279,False
1280,True
1281,False
1282,False
1283,True
1284,False
1285,False
1286,False
1287,False
1288,False
1289,True
1290,False
1291,True
1292,True
1293,False
1294,False
1295,False
1296,True
1297,False
1298,False
1299,False
1300,False
1301,False
1302,False
1303,False
1304,False
1305,False
1306,False
1307,True
1308,False
1309,True
1310,False
1311,False
1312,False
1313,False
1314,False
1315,False
1316,False
1317,False
1318,False
1319,False
1320,True
1321,False
1322,True
1323,True
1324,False
1325,False
1326,True
1327,True
1328,False
1329,True
1330,True
1331,False
1332,False
1333,False
1334,True
1335,True
1336,False
1337,True
1338,False
1339,False
1340,False
1341,True
1342,True
1343,True
1344,True
1345,False
1346,True
1347,True
1348,False
1349,True
1350,False
1351,False
1352,True
1353,False
1354,False
1355,True
1356,True
1357,True
1358,True
1359,True
1360,False
1361,False
1362,False
1363,False
1364,False
1365,False
1366,True
1367,True
1368,True
1369,False
1370,True
1371,True
1372,True
1373,True
1374,False
1375,True
1376,False
1377,False
1378,False
1379,False
1380,False
1381,True
1382,False
1383,False
1384,True
1385,True
1386,True
1387,True
1388,True
1389,False
1390,False
1391,False
1392,False
1393,True
1394,False
1395,False
1396,True
1397,False
1398,True
1399,True
1400,False
1401,False
1402,True
1403,False
1404,False
1405,True
1406,True
1407,False
1408,False
1409,True
1410,False
1411,False
1412,False
1413,True
1414,False
1415,False
1416,False
1417,False
1418,False
1419,True
1420,False
1421,True
1422,True
1423,False
1424,False
1425,False
1426,False
1427,False
1428,False
1429,False
1430,False
1431,False
1432,False
1433,True
1434,False
1435,False
1436,False
1437,False
1438,False
1439,True
1440,True
1441,False
1442,False
1443,False
1444,False
1445,False
1446,False
1447,False
1448,False
1449,False
1450,False
1451,False
1452,True
1453,False
1454,True
1455,True
1456,False
1457,False
1458,False
1459,False
1460,True
1461,False
1462,True
1463,False
1464,False
1465,False
1466,True
1467,False
1468,False
1469,True
1470,False
1471,False
1472,False
1473,False
1474,True
1475,False
1476,False
1477,False
1478,False
1479,True
1480,True
1481,False
1482,False
1483,False
1484,True
1485,False
1486,False
1487,False
1488,False
1489,True
1490,True
1491,False
1492,False
1493,True
1494,True
1495,True
1496,True
1497,False
1498,False
1499,False
1500,True
1501,False
1502,False
1503,False
1504,False
1505,True
1506,False
1507,False
1508,False
1509,False
1510,True
1511,True
1512,True
1513,False
1514,False
1515,False
1516,True
1517,True
1518,False
1519,False
1520,False
1521,False
1522,False
1523,True
1524,False
1525,False
1526,False
1527,False
1528,True
1529,False
1530,False
1531,True
1532,False
1533,True
1534,False
1535,False
1536,False
1537,False
1538,True
1539,True
1540,False
1541,False
1542,True
1543,False
1544,False
1545,False
1546,False
1547,True
1548,False
1549,False
1550,False
1551,False
1552,False
1553,True
1554,False
1555,False
1556,False
1557,True
1558,True
1559,False
1560,False
1561,False
1562,True
1563,False
1564,False
1565,True
1566,False
1567,False
1568,False
1569,False
1570,False
1571,False
1572,False
1573,False
1574,False
1575,True
1576,False
1577,False
1578,False
1579,True
1580,False
1581,False
1582,False
1583,False
1584,True
1585,False
1586,True
1587,False
1588,False
1589,False
1590,False
1591,False
1592,False
1593,False
1594,False
1595,False
1596,True
1597,False
1598,False
1599,False
1600,True
1601,False
1602,False
1603,False
1604,True
1605,True
1606,True
1607,True
1608,False
1609,False
1610,True
1611,True
1612,True
1613,False
1614,False
1615,True
1616,False
1617,False
1618,False
1619,False
1620,False
1621,True
1622,False
1623,True
1624,True
1625,True
1626,False
1627,False
1628,True
1629,True
1630,False
1631,False
1632,True
1633,False
1634,False
1635,True
1636,False
1637,True
1638,True
1639,False
1640,False
1641,False
1642,False
1643,False
1644,True
1645,False
1646,True
1647,True
1648,False
1649,False
1650,True
1651,False
1652,True
1653,True
1654,False
1655,False
1656,True
1657,True
1658,False
1659,True
1660,True
1661,True
1662,False
1663,True
1664,True
1665,True
1666,True
1667,True
1668,True
1669,True
1670,True
1671,False
1672,True
1673,True
1674,True
1675,True
1676,True
1677,False
1678,True
1679,False
1680,True
1681,True
1682,True
1683,True
1684,True
1685,True
1686,True
1687,True
1688,True
1689,True
1690,True
1691,True
1692,False
1693,True
1694,False
1695,False
1696,False
1697,False
1698,True
1699,False
1700,False
1701,False
1702,True
1703,False
1704,True
1705,False
1706,False
1707,False
1708,True
1709,True
1710,False
1711,True
1712,False
1713,False
1714,True
1715,True
1716,False
1717,False
1718,False
1719,False
1720,False
1721,True
1722,True
1723,False
1724,True
1725,True
1726,True
1727,True
1728,False
1729,True
1730,True
1731,False
1732,True
1733,False
1734,False
1735,False
1736,False
1737,False
1738,False
1739,True
1740,True
1741,True
1742,True
1743,False
1744,True
1745,False
1746,True
1747,True
1748,True
1749,False
1750,False
1751,False
1752,False
1753,False
1754,True
1755,False
1756,False
1757,False
1758,True
1759,False
1760,True
1761,False
1762,True
1763,False
1764,False
1765,False
1766,True
1767,False
1768,True
1769,True
1770,False
1771,False
1772,True
1773,True
1774,True
1775,False
1776,False
1777,True
1778,True
1779,False
1780,False
1781,False
1782,True
1783,False
1784,True
1785,True
1786,True
1787,True
1788,False
1789,True
1790,True
1791,True
1792,False
1793,True
1794,False
1795,True
1796,False
1797,True
1798,False
1799,True
1800,False
1801,True
1802,False
1803,True
1804,False
1805,True
1806,True
1807,True
1808,True
1809,False
1810,False
1811,False
1812,False
1813,False
1814,False
1815,False
1816,False
1817,False
1818,True
1819,False
1820,True
1821,False
1822,True
1823,False
1824,True
1825,True
1826,False
1827,False
1828,True
1829,False
1830,True
1831,False
1832,False
1833,False
1834,False
1835,False
1836,False
1837,False
1838,True
1839,False
1840,False
1841,False
1842,False
1843,True
1844,False
1845,False
1846,True
1847,False
1848,True
1849,False
1850,True
1851,False
1852,False
1853,True
1854,True
1855,False
1856,True
1857,True
1858,True
1859,True
1860,False
1861,False
1862,False
1863,True
1864,True
1865,True
1866,False
1867,False
1868,True
1869,True
1870,False
1871,False
1872,False
1873,False
1874,True
1875,False
1876,True
1877,False
1878,False
1879,False
1880,False
1881,False
1882,False
1883,False
1884,False
1885,True
1886,True
1887,True
1888,True
1889,True
1890,False
1891,True
1892,True
1893,False
1894,False
1895,False
1896,False
1897,False
1898,False
1899,False
1900,False
1901,False
1902,True
1903,True
1904,True
1905,True
1906,False
1907,False
1908,False
1909,False
1910,False
1911,True
1912,False
1913,False
1914,False
1915,False
1916,False
1917,True
1918,False
1919,False
1920,False
1921,False
1922,True
1923,False
1924,False
1925,True
1926,True
1927,False
1928,False
1929,False
1930,False
1931,False
1932,False
1933,True
1934,False
1935,True
1936,True
1937,False
1938,True
1939,True
1940,False
1941,False
1942,False
1943,False
1944,True
1945,False
1946,False
1947,True
1948,True
1949,False
1950,False
1951,True
1952,True
1953,False
1954,False
1955,False
1956,True
1957,True
1958,True
1959,True
1960,False
1961,True
1962,False
1963,True
1964,False
1965,False
1966,False
1967,True
1968,True
1969,False
1970,True
1971,False
1972,True
1973,False
1974,False
1975,False
1976,False
1977,False
1978,False
1979,False
1980,False
1981,False
1982,False
1983,True
1984,True
1985,False
1986,False
1987,False
1988,True
1989,False
1990,False
1991,False
1992,False
1993,False
1994,False
1995,False
1996,False
1997,False
1998,False
1999,False
2000,False
2001,True
2002,True
2003,False
2004,True
2005,False
2006,False
2007,False
2008,False
2009,False
2010,False
2011,False
2012,False
2013,False
2014,False
2015,False
2016,False
2017,True
2018,False
2019,True
2020,False
2021,False
2022,False
2023,False
2024,True
2025,False
2026,False
2027,False
2028,False
2029,True
2030,False
2031,True
2032,True
2033,False
2034,False
2035,False
2036,False
2037,False
2038,True
2039,True
2040,False
2041,True
2042,True
2043,False
2044,True
2045,False
2046,False
2047,False
2048,True
2049,True
2050,False
2051,False
2052,False
2053,True
2054,False
2055,False
2056,False
2057,False
2058,False
2059,False
2060,False
2061,False
2062,False
2063,False
2064,False
2065,False
2066,True
2067,False
2068,False
2069,False
2070,True
2071,False
2072,False
2073,True
2074,False
2075,False
2076,False
2077,False
2078,True
2079,True
2080,True
2081,True
2082,False
2083,True
2084,False
2085,False
2086,True
2087,True
2088,False
2089,False
2090,False
2091,False
2092,True
2093,True
2094,True
2095,True
2096,False
2097,False
2098,True
2099,False
2100,False
2101,False
2102,True
2103,False
2104,False
2105,False
2106,False
2107,False
2108,False
2109,False
2110,False
2111,False
2112,False
2113,False
2114,False
2115,False
2116,False
2117,False
2118,False
2119,False
2120,False
2121,False
2122,True
2123,False
2124,False
2125,False
2126,False
2127,False
2128,False
2129,False
2130,True
2131,True
2132,False
2133,False
2134,False
2135,True
2136,True
2137,True
2138,False
2139,True
2140,False
2141,False
2142,False
2143,False
2144,True
2145,True
2146,True
2147,False
2148,False
2149,False
2150,False
2151,False
2152,False
2153,False
2154,False
2155,False
2156,False
2157,True
2158,False
2159,False
2160,False
2161,True
2162,False
2163,False
2164,True
2165,False
2166,True
2167,False
2168,True
2169,False
2170,True
2171,True
2172,False
2173,True
2174,False
2175,False
2176,True
2177,False
2178,False
2179,False
2180,False
2181,True
2182,True
2183,False
2184,False
2185,False
2186,False
2187,True
2188,False
2189,False
2190,False
2191,False
2192,False
2193,False
2194,True
2195,False
2196,True
2197,True
2198,False
2199,False
2200,False
2201,False
2202,False
2203,True
2204,False
2205,False
2206,True
2207,True
2208,False
2209,False
2210,False
2211,False
2212,False
2213,True
2214,True
2215,True
2216,True
2217,False
2218,False
2219,False
2220,True
2221,False
2222,False
2223,True
2224,True
2225,False
2226,True
2227,True
2228,True
2229,True
2230,True
2231,True
2232,True
2233,True
2234,True
2235,True
2236,True
2237,True
2238,True
2239,True
2240,True
2241,True
2242,True
2243,True
2244,True
2245,True
2246,True
2247,True
2248,True
2249,True
2250,True
2251,True
2252,True
2253,True
2254,True
2255,True
2256,True
2257,True
2258,False
2259,False
2260,False
2261,False
2262,False
2263,True
2264,True
2265,True
2266,True
2267,True
2268,True
2269,True
2270,True
2271,True
2272,False
2273,True
2274,True
2275,True
2276,False
2277,True
2278,True
2279,True
2280,True
2281,False
2282,True
2283,False
2284,False
2285,False
2286,False
2287,True
2288,True
2289,True
2290,True
2291,True
2292,True
2293,True
2294,True
2295,True
2296,True
2297,True
2298,True
2299,True
2300,True
2301,True
2302,True
2303,True
2304,True
2305,True
2306,True
2307,True
2308,True
2309,False
2310,False
2311,False
2312,False
2313,False
2314,True
2315,True
2316,False
2317,False
2318,False
2319,False
2320,False
2321,True
2322,False
2323,False
2324,False
2325,False
2326,True
2327,False
2328,False
2329,False
2330,True
2331,False
2332,False
2333,True
2334,True
2335,True
2336,True
2337,True
2338,False
2339,False
2340,False
2341,True
2342,True
2343,False
2344,True
2345,True
2346,True
2347,False
2348,True
2349,False
2350,True
2351,True
2352,False
2353,False
2354,False
2355,False
2356,True
2357,False
2358,False
2359,False
2360,True
2361,True
2362,False
2363,False
2364,True
2365,True
2366,False
2367,False
2368,True
2369,True
2370,True
2371,True
2372,False
2373,False
2374,True
2375,True
2376,False
2377,False
2378,False
2379,False
2380,False
2381,False
2382,False
2383,True
2384,False
2385,False
2386,True
2387,True
2388,False
2389,False
2390,True
2391,False
2392,False
2393,False
2394,True
2395,True
2396,False
2397,False
2398,False
2399,False
2400,False
2401,True
2402,False
2403,False
2404,False
2405,False
2406,False
2407,False
2408,True
2409,True
2410,False
2411,False
2412,False
2413,False
2414,False
2415,False
2416,False
2417,True
2418,False
2419,False
2420,False
2421,False
2422,False
2423,False
2424,False
2425,True
2426,False
2427,False
2428,False
2429,True
2430,False
2431,False
2432,False
2433,False
2434,False
2435,True
2436,False
2437,False
2438,False
2439,False
2440,True
2441,False
2442,False
2443,False
2444,False
2445,False
2446,False
2447,False
2448,True
2449,False
2450,True
2451,False
2452,False
2453,False
2454,False
2455,False
2456,False
2457,False
2458,False
2459,True
2460,False
2461,True
2462,False
2463,False
2464,False
2465,False
2466,False
2467,False
2468,False
2469,False
2470,False
2471,False
2472,False
2473,False
2474,False
2475,False
2476,True
2477,False
2478,True
2479,False
2480,False
2481,False
2482,True
2483,False
2484,False
2485,False
2486,True
2487,False
2488,True
2489,False
2490,False
2491,False
2492,False
2493,False
2494,True
2495,True
2496,False
2497,False
2498,False
2499,False
2500,True
2501,True
2502,False
2503,True
2504,True
2505,False
2506,False
2507,True
2508,True
2509,False
2510,False
2511,False
2512,False
2513,False
2514,False
2515,True
2516,False
2517,False
2518,False
2519,True
2520,True
2521,False
2522,False
2523,False
2524,True
2525,True
2526,False
2527,True
2528,True
2529,True
2530,True
2531,True
2532,True
2533,True
2534,True
2535,True
2536,True
2537,True
2538,True
2539,True
2540,True
2541,True
2542,False
2543,False
2544,True
2545,False
2546,False
2547,False
2548,True
2549,True
2550,False
2551,False
2552,False
2553,True
2554,True
2555,False
2556,False
2557,False
2558,False
2559,False
2560,False
2561,False
2562,False
2563,False
2564,False
2565,True
2566,False
2567,True
2568,False
2569,False
2570,False
2571,False
2572,False
2573,False
2574,False
2575,True
2576,True
2577,True
2578,False
2579,True
2580,False
2581,False
2582,False
2583,False
2584,False
2585,False
2586,False
2587,True
2588,False
2589,True
2590,False
2591,True
2592,True
2593,True
2594,False
2595,False
2596,False
2597,False
2598,True
2599,False
2600,False
2601,True
2602,True
2603,False
2604,True
2605,False
2606,False
2607,True
2608,False
2609,False
2610,False
2611,False
2612,False
2613,True
2614,False
2615,False
2616,False
2617,False
2618,False
2619,False
2620,False
2621,True
2622,False
2623,False
2624,False
2625,True
2626,True
2627,True
2628,False
2629,False
2630,False
2631,True
2632,False
2633,True
2634,False
2635,False
2636,True
2637,True
2638,False
2639,True
2640,True
2641,False
2642,True
2643,False
2644,False
2645,False
2646,True
2647,False
2648,False
2649,False
2650,True
2651,False
2652,False
2653,False
2654,False
2655,False
2656,True
2657,False
2658,True
2659,False
2660,True
2661,True
2662,False
2663,False
2664,True
2665,False
2666,False
2667,True
2668,False
2669,True
2670,False
2671,False
2672,True
2673,False
2674,False
2675,False
2676,False
2677,False
2678,False
2679,False
2680,False
2681,False
2682,False
2683,False
2684,False
2685,False
2686,False
2687,False
2688,False
2689,False
2690,False
2691,False
2692,False
2693,True
2694,False
2695,True
2696,False
2697,True
2698,True
2699,False
2700,False
2701,False
2702,True
2703,True
2704,False
2705,False
2706,True
2707,True
2708,False
2709,False
2710,False
2711,False
2712,True
2713,True
2714,False
2715,False
2716,False
2717,False
2718,False
2719,False
2720,False
2721,True
2722,True
2723,False
2724,True
2725,True
2726,True
2727,False
2728,True
2729,False
2730,True
2731,False
2732,True
2733,False
2734,False
2735,True
2736,True
2737,False
2738,True
2739,False
2740,False
2741,True
2742,False
2743,False
2744,False
2745,False
2746,False
2747,True
2748,False
2749,False
2750,True
2751,False
2752,False
2753,True
2754,False
2755,False
2756,True
2757,False
2758,False
2759,False
2760,False
2761,False
2762,False
2763,False
2764,True
2765,False
2766,True
2767,False
2768,False
2769,True
2770,True
2771,False
2772,False
2773,False
2774,False
2775,False
2776,True
2777,True
2778,False
2779,False
2780,True
2781,False
2782,False
2783,False
2784,False
2785,True
2786,False
2787,False
2788,False
2789,False
2790,False
2791,False
2792,False
2793,False
2794,True
2795,True
2796,True
2797,True
2798,True
2799,False
2800,False
2801,True
2802,False
2803,False
2804,True
2805,True
2806,True
2807,False
2808,False
2809,True
2810,False
2811,False
2812,False
2813,True
2814,False
2815,True
2816,True
2817,True
2818,False
2819,True
2820,False
2821,False
2822,True
2823,True
2824,True
2825,False
2826,True
2827,True
2828,True
2829,False
2830,True
2831,True
2832,False
2833,True
2834,False
2835,True
2836,False
2837,False
2838,False
2839,True
2840,True
2841,False
2842,False
2843,True
2844,False
2845,False
2846,True
2847,True
2848,False
2849,False
2850,False
2851,False
2852,False
2853,False
2854,False
2855,False
2856,False
2857,False
2858,True
2859,False
2860,False
2861,True
2862,False
2863,True
2864,True
2865,True
2866,True
2867,False
2868,False
2869,True
2870,True
2871,False
2872,True
2873,False
2874,False
2875,False
2876,True
2877,False
2878,True
2879,True
2880,True
2881,False
2882,False
2883,False
2884,True
2885,True
2886,True
2887,True
2888,True
2889,False
2890,False
2891,False
2892,False
2893,True
2894,False
2895,False
2896,False
2897,False
2898,False
2899,False
2900,False
2901,True
2902,True
2903,False
2904,False
2905,False
2906,False
2907,True
2908,False
2909,True
2910,False
2911,False
2912,True
2913,True
2914,True
2915,True
2916,False
2917,False
2918,False
2919,False
2920,False
2921,True
2922,True
2923,False
2924,False
2925,False
2926,False
2927,False
2928,False
2929,False
2930,False
2931,False
2932,False
2933,False
2934,True
2935,True
2936,False
2937,False
2938,False
2939,False
2940,False
2941,False
2942,False
2943,False
2944,True
2945,True
2946,False
2947,True
2948,False
2949,True
2950,False
2951,True
2952,False
2953,False
2954,False
2955,False
2956,False
2957,True
2958,False
2959,False
2960,False
2961,False
2962,False
2963,False
2964,False
2965,True
2966,True
2967,False
2968,False
2969,False
2970,False
2971,True
2972,True
2973,True
2974,True
2975,False
2976,False
2977,False
2978,False
2979,False
2980,False
2981,True
2982,True
2983,True
2984,False
2985,False
2986,False
2987,False
2988,True
2989,True
2990,True
2991,True
2992,True
2993,True
2994,True
2995,False
2996,False
2997,False
2998,False
2999,False
3000,False
3001,False
3002,True
3003,True
3004,True
3005,True
3006,True
3007,True
3008,True
3009,True
3010,True
3011,True
3012,False
3013,False
3014,True
3015,True
3016,False
3017,False
3018,True
3019,False
3020,True
3021,False
3022,False
3023,False
3024,True
3025,False
3026,True
3027,False
3028,False
3029,True
3030,False
3031,False
3032,False
3033,True
3034,False
3035,True
3036,True
3037,False
3038,False
3039,True
3040,True
3041,False
3042,False
3043,True
3044,False
3045,False
3046,False
3047,False
3048,True
3049,True
3050,True
3051,True
3052,False
3053,False
3054,False
3055,False
3056,False
3057,True
3058,False
3059,True
3060,False
3061,False
3062,True
3063,False
3064,False
3065,False
3066,False
3067,False
3068,False
3069,True
3070,False
3071,False
3072,True
3073,False
3074,False
3075,False
3076,False
3077,False
3078,False
3079,False
3080,False
3081,True
3082,True
3083,True
3084,True
3085,True
3086,True
3087,True
3088,True
3089,True
3090,False
3091,False
3092,False
3093,False
3094,True
3095,False
3096,False
3097,False
3098,False
3099,True
3100,False
3101,False
3102,False
3103,False
3104,True
3105,True
3106,False
3107,True
3108,False
3109,False
3110,False
3111,False
3112,False
3113,False
3114,False
3115,False
3116,True
3117,True
3118,False
3119,False
3120,True
3121,False
3122,False
3123,True
3124,True
3125,False
3126,False
3127,True
3128,True
3129,True
3130,False
3131,True
3132,False
3133,False
3134,False
3135,True
3136,False
3137,False
3138,True
3139,False
3140,True
3141,False
3142,True
3143,False
3144,False
3145,False
3146,True
3147,True
3148,False
3149,False
3150,False
3151,False
3152,True
3153,False
3154,True
3155,True
3156,True
3157,False
3158,True
3159,True
3160,False
3161,True
3162,True
3163,True
3164,True
3165,True
3166,False
3167,False
3168,False
3169,False
3170,True
3171,False
3172,False
3173,False
3174,False
3175,False
3176,False
3177,True
3178,True
3179,False
3180,False
3181,True
3182,False
3183,False
3184,False
3185,False
3186,False
3187,True
3188,True
3189,True
3190,False
3191,False
3192,False
3193,True
3194,False
3195,True
3196,True
3197,False
3198,True
3199,True
3200,False
3201,True
3202,False
3203,False
3204,False
3205,False
3206,False
3207,False
3208,False
3209,False
3210,False
3211,False
3212,False
3213,False
3214,False
3215,False
3216,False
3217,True
3218,True
3219,True
3220,True
3221,True
3222,False
3223,False
3224,False
3225,False
3226,True
3227,False
3228,False
3229,False
3230,False
3231,False
3232,False
3233,False
3234,False
3235,False
3236,False
3237,False
3238,False
3239,False
3240,False
3241,False
3242,False
3243,True
3244,True
3245,False
3246,False
3247,False
3248,False
3249,True
3250,True
3251,True
3252,False
3253,False
3254,True
3255,False
3256,False
3257,False
3258,True
3259,True
3260,True
3261,False
3262,False
3263,False
3264,False
3265,False
3266,True
3267,True
3268,True
3269,True
3270,True
3271,True
3272,True
3273,True
3274,True
3275,True
3276,False
3277,False
3278,False
3279,False
3280,False
3281,False
3282,False
3283,True
3284,False
3285,True
3286,False
3287,False
3288,True
3289,False
3290,True
3291,False
3292,True
3293,True
3294,True
3295,True
3296,True
3297,True
3298,True
3299,True
3300,False
3301,False
3302,False
3303,False
3304,False
3305,False
3306,False
3307,False
3308,False
3309,True
3310,True
3311,True
3312,True
3313,False
3314,False
3315,False
3316,False
3317,True
3318,False
3319,False
3320,False
3321,False
3322,True
3323,True
3324,True
3325,True
3326,True
3327,True
3328,True
3329,False
3330,False
3331,True
3332,True
3333,True
3334,False
3335,False
3336,True
3337,False
3338,False
3339,False
3340,True
3341,False
3342,False
3343,False
3344,True
3345,False
3346,True
3347,True
3348,False
3349,False
3350,False
3351,True
3352,True
3353,False
3354,False
3355,True
3356,True
3357,True
3358,True
3359,True
3360,True
3361,True
3362,False
3363,False
3364,False
3365,False
3366,True
3367,False
3368,True
3369,True
3370,True
3371,True
3372,True
3373,True
3374,True
3375,True
3376,True
3377,False
3378,True
3379,False
3380,False
3381,True
3382,False
3383,False
3384,False
3385,False
3386,True
3387,True
3388,False
3389,False
3390,False
3391,False
3392,False
3393,False
3394,False
3395,False
3396,True
3397,False
3398,True
3399,True
3400,True
3401,True
3402,False
3403,False
3404,True
3405,False
3406,False
3407,False
3408,False
3409,False
3410,False
3411,False
3412,False
3413,False
3414,False
3415,False
3416,True
3417,True
3418,True
3419,False
3420,True
3421,True
3422,True
3423,True
3424,True
3425,False
3426,True
3427,False
3428,False
3429,True
3430,False
3431,True
3432,False
3433,True
3434,False
3435,True
3436,True
3437,False
3438,True
3439,True
3440,True
3441,True
3442,True
3443,True
3444,True
3445,True
3446,True
3447,True
3448,True
3449,True
3450,False
3451,False
3452,False
3453,False
3454,False
3455,False
3456,True
3457,True
3458,False
3459,False
3460,False
3461,False
3462,False
3463,False
3464,False
3465,False
3466,False
3467,True
3468,False
3469,False
3470,False
3471,False
3472,True
3473,False
3474,True
3475,False
3476,False
3477,False
3478,True
3479,False
3480,False
3481,False
3482,False
3483,True
3484,True
3485,True
3486,True
3487,True
3488,True
3489,True
3490,True
3491,False
3492,False
3493,False
3494,False
3495,True
3496,False
3497,True
3498,False
3499,True
3500,False
3501,False
3502,True
3503,False
3504,False
3505,False
3506,False
3507,False
3508,False
3509,False
3510,False
3511,False
3512,False
3513,True
3514,False
3515,False
3516,False
3517,False
3518,True
3519,True
3520,True
3521,True
3522,False
3523,True
3524,True
3525,True
3526,True
3527,True
3528,True
3529,False
3530,True
3531,True
3532,False
3533,False
3534,False
3535,True
3536,True
3537,True
3538,False
3539,False
3540,False
3541,False
3542,False
3543,False
3544,False
3545,False
3546,False
3547,False
3548,True
3549,False
3550,False
3551,False
3552,False
3553,True
3554,False
3555,False
3556,False
3557,True
3558,True
3559,False
3560,False
3561,False
3562,False
3563,True
3564,True
3565,True
3566,True
3567,True
3568,True
3569,True
3570,False
3571,False
3572,False
3573,False
3574,True
3575,False
3576,False
3577,False
3578,True
3579,False
3580,False
3581,False
3582,False
3583,True
3584,False
3585,False
3586,False
3587,True
3588,True
3589,False
3590,True
3591,False
3592,False
3593,False
3594,False
3595,False
3596,True
3597,True
3598,True
3599,True
3600,False
3601,False
3602,False
3603,True
3604,False
3605,False
3606,False
3607,False
3608,True
3609,False
3610,True
3611,True
3612,True
3613,True
3614,True
3615,True
3616,True
3617,True
3618,True
3619,True
3620,False
3621,True
3622,False
3623,False
3624,True
3625,False
3626,True
3627,True
3628,True
3629,True
3630,False
3631,False
3632,False
3633,False
3634,True
3635,True
3636,False
3637,True
3638,False
3639,False
3640,True
3641,False
3642,False
3643,True
3644,True
3645,False
3646,False
3647,False
3648,True
3649,False
3650,False
3651,False
3652,False
3653,True
3654,False
3655,True
3656,True
3657,True
3658,True
3659,True
3660,False
3661,True
3662,True
3663,False
3664,False
3665,False
3666,True
3667,False
3668,False
3669,True
3670,False
3671,False
3672,False
3673,False
3674,False
3675,False
3676,False
3677,True
3678,True
3679,False
3680,False
3681,True
3682,False
3683,False
3684,True
3685,False
3686,True
3687,True
3688,False
3689,False
3690,False
3691,True
3692,False
3693,False
3694,False
3695,True
3696,False
3697,True
3698,True
3699,True
3700,True
3701,True
3702,False
3703,False
3704,False
3705,False
3706,False
3707,False
3708,True
3709,False
3710,True
3711,True
3712,True
3713,True
3714,True
3715,False
3716,False
3717,True
3718,True
3719,True
3720,True
3721,True
3722,False
3723,False
3724,False
3725,False
3726,True
3727,True
3728,True
3729,True
3730,True
3731,False
3732,False
3733,False
3734,True
3735,True
3736,False
3737,False
3738,True
3739,True
3740,True
3741,False
3742,False
3743,False
3744,False
3745,False
3746,False
3747,False
3748,True
3749,False
3750,True
3751,False
3752,False
3753,False
3754,True
3755,False
3756,True
3757,True
3758,False
3759,False
3760,False
3761,True
3762,False
3763,False
3764,False
3765,False
3766,False
3767,False
3768,False
3769,False
3770,False
3771,False
3772,False
3773,False
3774,False
3775,True
3776,False
3777,True
3778,False
3779,False
3780,False
3781,True
3782,False
3783,False
3784,True
3785,True
3786,True
3787,True
3788,False
3789,False
3790,False
3791,True
3792,False
3793,False
3794,False
3795,True
3796,True
3797,True
3798,False
3799,False
3800,True
3801,True
3802,True
3803,False
3804,False
3805,False
3806,False
3807,False
3808,False
3809,False
3810,True
3811,False
3812,True
3813,False
3814,True
3815,False
3816,False
3817,False
3818,False
3819,True
3820,False
3821,True
3822,False
3823,False
3824,False
3825,True
3826,True
3827,False
3828,True
3829,False
3830,False
3831,False
3832,True
3833,True
3834,True
3835,True
3836,True
3837,True
3838,True
3839,False
3840,True
3841,False
3842,True
3843,False
3844,True
3845,True
3846,False
3847,False
3848,True
3849,True
3850,True
3851,True
3852,False
3853,False
3854,False
3855,True
3856,False
3857,True
3858,False
3859,False
3860,True
3861,False
3862,True
3863,False
3864,False
3865,True
3866,False
3867,False
3868,False
3869,True
3870,True
3871,True
3872,True
3873,True
3874,True
3875,True
3876,False
3877,True
3878,True
3879,True
3880,False
3881,False
3882,False
3883,False
3884,False
3885,False
3886,True
3887,False
3888,False
3889,False
3890,False
3891,False
3892,False
3893,False
3894,True
3895,True
3896,False
3897,True
3898,False
3899,False
3900,False
3901,False
3902,False
3903,False
3904,False
3905,True
3906,True
3907,False
3908,True
3909,False
3910,False
3911,False
3912,False
3913,True
3914,True
3915,True
3916,True
3917,False
3918,True
3919,False
3920,False
3921,False
3922,False
3923,False
3924,False
3925,True
3926,True
3927,True
3928,False
3929,False
3930,False
3931,True
3932,False
3933,True
3934,True
3935,True
3936,True
3937,True
3938,True
3939,True
3940,False
3941,True
3942,False
3943,False
3944,True
3945,True
3946,True
3947,True
3948,True
3949,True
3950,True
3951,False
3952,False
3953,False
3954,True
3955,False
3956,False
3957,True
3958,True
3959,True
3960,False
3961,True
3962,True
3963,False
3964,True
3965,False
3966,True
3967,False
3968,True
3969,False
3970,False
3971,False
3972,False
3973,False
3974,False
3975,False
3976,True
3977,False
3978,True
3979,False
3980,True
3981,False
3982,True
3983,False
3984,True
3985,False
3986,False
3987,True
3988,True
3989,False
3990,True
3991,False
3992,True
3993,False
3994,False
3995,False
3996,True
3997,True
3998,True
3999,True
4000,False
4001,False
4002,False
4003,False
4004,True
4005,True
4006,True
4007,True
4008,True
4009,True
4010,False
4011,True
4012,False
4013,True
4014,True
4015,True
4016,False
4017,False
4018,True
4019,False
4020,False
4021,False
4022,False
4023,False
4024,False
4025,True
4026,False
4027,False
4028,False
4029,False
4030,False
4031,True
4032,False
4033,False
4034,False
4035,False
4036,False
4037,False
4038,False
4039,False
4040,False
4041,False
4042,False
4043,True
4044,True
4045,False
4046,True
4047,False
4048,False
4049,False
4050,False
4051,False
4052,False
4053,False
4054,False
4055,False
4056,False
4057,True
4058,True
4059,True
4060,True
4061,True
4062,True
4063,False
4064,False
4065,True
4066,True
4067,False
4068,True
4069,True
4070,True
4071,True
4072,True
4073,False
4074,False
4075,False
4076,False
4077,False
4078,False
4079,False
4080,False
4081,False
4082,False
4083,False
4084,False
4085,False
4086,True
4087,True
4088,True
4089,True
4090,True
4091,True
4092,False
4093,False
4094,False
4095,False
4096,False
4097,False
4098,True
4099,False
4100,False
4101,False
4102,False
4103,False
4104,False
4105,False
4106,False
4107,True
4108,False
4109,False
4110,False
4111,True
4112,False
4113,False
4114,True
4115,True
4116,False
4117,False
4118,True
4119,False
4120,False
4121,False
4122,False
4123,True
4124,False
4125,True
4126,True
4127,False
4128,False
4129,False
4130,False
4131,False
4132,False
4133,False
4134,False
4135,False
4136,False
4137,False
4138,False
4139,False
4140,False
4141,False
4142,False
4143,False
4144,True
4145,False
4146,False
4147,False
4148,False
4149,True
4150,False
4151,False
4152,False
4153,False
4154,True
4155,False
4156,False
4157,False
4158,False
4159,False
4160,False
4161,False
4162,False
4163,False
4164,False
4165,False
4166,False
4167,False
4168,False
4169,False
4170,False
4171,False
4172,False
4173,False
4174,False
4175,True
4176,False
4177,False
4178,False
4179,False
4180,False
4181,False
4182,False
4183,False
4184,False
4185,True
4186,False
4187,False
4188,False
4189,False
4190,False
4191,False
4192,False
4193,False
4194,True
4195,True
4196,False
4197,False
4198,False
4199,False
4200,False
4201,False
4202,True
4203,False
4204,False
4205,True
4206,True
4207,True
4208,True
4209,False
4210,False
4211,True
4212,False
4213,True
4214,False
4215,False
4216,False
4217,False
4218,True
4219,False
4220,False
4221,False
4222,False
4223,False
4224,False
4225,False
4226,False
4227,False
4228,True
4229,False
4230,False
4231,False
4232,False
4233,False
4234,False
4235,False
4236,True
4237,False
4238,False
4239,False
4240,False
4241,False
4242,False
4243,True
4244,False
4245,False
4246,False
4247,False
4248,False
4249,False
4250,False
4251,False
4252,False
4253,False
4254,True
4255,False
4256,False
4257,False
4258,False
4259,False
4260,False
4261,False
4262,False
4263,False
4264,False
4265,False
4266,False
4267,False
4268,False
4269,False
4270,False
4271,True
4272,False
4273,True
4274,False
4275,True
4276,True
4277,False
4278,False
4279,False
4280,False
4281,False
4282,False
4283,False
4284,False
4285,False
4286,True
4287,False
4288,False
4289,False
4290,False
4291,False
4292,False
4293,False
4294,False
4295,False
4296,False
4297,False
4298,False
4299,False
4300,False
4301,False
4302,False
4303,False
4304,False
4305,False
4306,False
4307,False
4308,False
4309,False
4310,True
4311,False
4312,False
4313,False
4314,False
4315,False
4316,False
4317,False
4318,False
4319,True
4320,False
4321,True
4322,False
4323,False
4324,False
4325,False
4326,False
4327,False
4328,True
4329,True
4330,False
4331,False
4332,False
4333,False
4334,False
4335,False
4336,False
4337,False
4338,False
4339,False
4340,False
4341,False
4342,False
4343,False
4344,False
4345,True
4346,False
4347,False
4348,False
4349,False
4350,False
4351,False
4352,False
4353,False
4354,False
4355,False
4356,True
4357,False
4358,True
4359,True
4360,False
4361,True
4362,True
4363,False
4364,False
4365,False
4366,False
4367,True
4368,True
4369,False
4370,False
4371,False
4372,False
4373,True
4374,False
4375,True
4376,False
4377,False
4378,False
4379,False
4380,False
4381,False
4382,False
4383,False
4384,False
4385,False
4386,False
4387,False
4388,False
4389,False
4390,False
4391,False
4392,False
4393,False
4394,True
4395,False
4396,True
4397,False
4398,True
4399,False
4400,False
4401,False
4402,False
4403,True
4404,True
4405,False
4406,False
4407,False
4408,True
4409,False
4410,False
4411,False
4412,False
4413,False
4414,False
4415,False
4416,False
4417,False
4418,True
4419,False
4420,False
4421,True
4422,False
4423,False
4424,False
4425,False
4426,False
4427,True
4428,True
4429,True
4430,False
4431,False
4432,False
4433,False
4434,False
4435,False
4436,False
4437,False
4438,True
4439,True
4440,True
4441,False
4442,True
4443,False
4444,False
4445,False
4446,False
4447,False
4448,False
4449,True
4450,True
4451,False
4452,True
4453,False
4454,False
4455,False
4456,False
4457,False
4458,False
4459,True
4460,False
4461,False
4462,False
4463,True
4464,False
4465,False
4466,False
4467,False
4468,False
4469,False
4470,False
4471,False
4472,False
4473,False
4474,False
4475,False
4476,False
4477,False
4478,True
4479,True
4480,False
4481,False
4482,False
4483,False
4484,False
4485,True
4486,True
4487,False
4488,True
4489,False
4490,False
4491,False
4492,False
4493,False
4494,True
4495,False
4496,True
4497,False
4498,False
4499,False
4500,False
4501,False
4502,False
4503,False
4504,False
4505,True
4506,False
4507,True
4508,False
4509,True
4510,False
4511,False
4512,False
4513,False
4514,False
4515,False
4516,False
4517,False
4518,False
4519,True
4520,True
4521,False
4522,False
4523,False
4524,False
4525,False
4526,False
4527,True
4528,True
4529,False
4530,False
4531,True
4532,False
4533,False
4534,False
4535,False
4536,False
4537,False
4538,False
4539,False
4540,False
4541,False
4542,False
4543,False
4544,True
4545,False
4546,False
4547,False
4548,True
4549,False
4550,False
4551,True
4552,False
4553,True
4554,False
4555,False
4556,True
4557,True
4558,False
4559,False
4560,True
4561,True
4562,False
4563,False
4564,False
4565,False
4566,False
4567,False
4568,True
4569,False
4570,False
4571,False
4572,False
4573,False
4574,True
4575,False
4576,True
4577,False
4578,False
4579,False
4580,False
4581,True
4582,True
4583,False
4584,False
4585,False
4586,True
4587,False
4588,False
4589,False
4590,False
4591,False
4592,False
4593,False
4594,False
4595,True
4596,False
4597,False
4598,False
4599,False
4600,False
4601,False
4602,False
4603,True
4604,False
4605,True
4606,True
4607,False
4608,True
4609,False
4610,False
4611,False
4612,False
4613,False
4614,False
4615,True
4616,False
4617,False
4618,False
4619,False
4620,False
4621,False
4622,False
4623,False
4624,False
4625,True
4626,False
4627,False
4628,True
4629,False
4630,True
4631,False
4632,False
4633,False
4634,False
4635,False
4636,False
4637,False
4638,False
4639,True
4640,True
4641,False
4642,False
4643,False
4644,True
4645,True
4646,True
4647,True
4648,False
4649,False
4650,False
4651,False
4652,False
4653,False
4654,False
4655,False
4656,False
4657,False
4658,False
4659,False
4660,False
4661,False
4662,False
4663,False
4664,True
4665,True
4666,False
4667,False
4668,False
4669,False
4670,False
4671,False
4672,True
4673,False
4674,False
4675,True
4676,True
4677,True
4678,False
4679,False
4680,False
4681,False
4682,False
4683,True
4684,True
4685,False
4686,False
4687,True
4688,False
4689,False
4690,True
4691,True
4692,False
4693,True
4694,True
4695,False
4696,True
4697,False
4698,False
4699,False
4700,False
4701,False
4702,False
4703,False
4704,False
4705,False
4706,True
4707,False
4708,True
4709,True
4710,True
4711,True
4712,True
4713,False
4714,False
4715,False
4716,False
4717,False
4718,False
4719,False
4720,False
4721,False
4722,False
4723,True
4724,False
4725,False
4726,False
4727,False
4728,False
4729,False
4730,True
4731,True
4732,False
4733,False
4734,True
4735,False
4736,False
4737,False
4738,True
4739,False
4740,True
4741,True
4742,True
4743,True
4744,False
4745,False
4746,False
4747,False
4748,False
4749,False
4750,False
4751,True
4752,True
4753,True
4754,True
4755,True
4756,True
4757,True
4758,False
4759,False
4760,False
4761,False
4762,False
4763,False
4764,False
4765,False
4766,False
4767,False
4768,False
4769,False
4770,True
4771,False
4772,True
4773,False
4774,False
4775,True
4776,True
4777,False
4778,True
4779,True
4780,False
4781,False
4782,False
4783,False
4784,True
4785,True
4786,False
4787,False
4788,False
4789,True
4790,False
4791,True
4792,False
4793,False
4794,True
4795,True
4796,True
4797,False
4798,False
4799,False
4800,False
4801,False
4802,True
4803,False
4804,True
4805,True
4806,False
4807,False
4808,False
4809,True
4810,True
4811,True
4812,True
4813,True
4814,False
4815,False
4816,False
4817,True
4818,False
4819,False
4820,True
4821,False
4822,True
4823,False
4824,False
4825,False
4826,False
4827,True
4828,False
4829,False
4830,False
4831,True
4832,False
4833,False
4834,False
4835,False
4836,False
4837,False
4838,False
4839,True
4840,False
4841,False
4842,False
4843,False
4844,False
4845,False
4846,False
4847,False
4848,False
4849,True
4850,True
4851,True
4852,True
4853,False
4854,True
4855,True
4856,True
4857,True
4858,False
4859,True
4860,False
4861,False
4862,False
4863,False
4864,False
4865,False
4866,False
4867,False
4868,True
4869,False
4870,True
4871,False
4872,False
4873,False
4874,True
4875,False
4876,True
4877,False
4878,False
4879,False
4880,True
4881,True
4882,False
4883,True
4884,False
4885,False
4886,False
4887,True
4888,True
4889,True
4890,False
4891,False
4892,False
4893,False
4894,False
4895,False
4896,False
4897,False
4898,True
4899,False
4900,False
4901,True
4902,False
4903,True
4904,True
4905,True
4906,True
4907,True
4908,True
4909,True
4910,True
4911,True
4912,True
4913,True
4914,True
4915,True
4916,True
4917,True
4918,True
4919,False
4920,False
4921,False
4922,False
4923,False
4924,True
4925,False
4926,False
4927,True
4928,True
4929,False
4930,True
4931,False
4932,False
4933,False
4934,True
4935,True
4936,True
4937,True
4938,False
4939,False
4940,True
4941,False
4942,False
4943,True
4944,False
4945,False
4946,False
4947,True
4948,True
4949,True
4950,False
4951,True
4952,False
4953,False
4954,True
4955,True
4956,True
4957,False
4958,False
4959,False
4960,False
4961,False
4962,False
4963,False
4964,True
4965,True
4966,True
4967,True
4968,False
4969,True
4970,True
4971,True
4972,False
4973,False
4974,True
4975,True
4976,True
4977,False
4978,False
4979,False
4980,False
4981,False
4982,False
4983,False
4984,False
4985,True
4986,True
4987,True
4988,False
4989,False
4990,False
4991,True
4992,False
4993,False
4994,True
4995,False
4996,False
4997,False
4998,True
4999,False
5000,False
5001,True
5002,True
5003,False
5004,True
5005,False
5006,True
5007,False
5008,False
5009,False
5010,True
5011,True
5012,False
5013,False
5014,False
5015,True
5016,True
5017,True
5018,False
5019,True
5020,True
5021,True
5022,True
5023,True
5024,True
5025,True
5026,False
5027,True
5028,True
5029,True
5030,True
5031,False
5032,False
5033,True
5034,False
5035,True
5036,True
5037,False
5038,False
5039,False
5040,True
5041,False
5042,False
5043,False
5044,False
5045,False
5046,False
5047,False
5048,False
5049,True
5050,False
5051,False
5052,True
5053,False
5054,True
5055,True
5056,True
5057,False
5058,False
5059,True
5060,False
5061,False
5062,True
5063,True
5064,True
5065,False
5066,False
5067,True
5068,False
5069,False
5070,False
5071,False
5072,False
5073,True
5074,False
5075,False
5076,False
5077,True
5078,True
5079,False
5080,False
5081,False
5082,False
5083,False
5084,False
5085,True
5086,True
5087,True
5088,True
5089,True
5090,False
5091,False
5092,False
5093,False
5094,False
5095,False
5096,False
5097,True
5098,False
5099,False
5100,False
5101,True
5102,True
5103,False
5104,False
5105,False
5106,False
5107,False
5108,False
5109,False
5110,False
5111,True
5112,True
5113,True
5114,False
5115,True
5116,False
5117,True
5118,False
5119,False
5120,False
5121,False
5122,False
5123,False
5124,False
5125,False
5126,False
5127,False
5128,True
5129,True
5130,False
5131,True
5132,True
5133,False
5134,False
5135,False
5136,False
5137,True
5138,True
5139,True
5140,True
5141,False
5142,True
5143,False
5144,False
5145,False
5146,False
5147,False
5148,False
5149,False
5150,False
5151,False
5152,True
5153,False
5154,False
5155,False
5156,False
5157,False
5158,False
5159,False
5160,False
5161,False
5162,False
5163,False
5164,False
5165,True
5166,False
5167,False
5168,False
5169,False
5170,False
5171,False
5172,False
5173,False
5174,False
5175,False
5176,False
5177,False
5178,False
5179,False
5180,False
5181,False
5182,True
5183,True
5184,False
5185,False
5186,False
5187,False
5188,False
5189,False
5190,True
5191,False
5192,False
5193,False
5194,False
5195,False
5196,False
5197,False
5198,False
5199,False
5200,False
5201,True
5202,False
5203,False
5204,False
5205,True
5206,True
5207,False
5208,False
5209,False
5210,False
5211,False
5212,False
5213,False
5214,False
5215,False
5216,False
5217,True
5218,False
5219,False
5220,False
5221,False
5222,False
5223,False
5224,False
5225,False
5226,True
5227,True
5228,True
5229,True
5230,True
5231,False
5232,False
5233,False
5234,True
5235,True
5236,False
5237,False
5238,False
5239,False
5240,True
5241,True
5242,False
5243,False
5244,False
5245,False
5246,False
5247,False
5248,False
5249,False
5250,False
5251,False
5252,False
5253,False
5254,False
5255,False
5256,False
5257,True
5258,True
5259,True
5260,False
5261,False
5262,False
5263,False
5264,False
5265,False
5266,True
5267,False
5268,True
5269,False
5270,False
5271,False
5272,False
5273,False
5274,False
5275,False
5276,False
5277,True
5278,True
5279,False
5280,True
5281,True
5282,False
5283,False
5284,False
5285,False
5286,False
5287,False
5288,False
5289,False
5290,True
5291,False
5292,False
5293,True
5294,True
5295,False
5296,True
5297,False
5298,False
5299,True
5300,True
5301,False
5302,False
5303,False
5304,False
5305,True
5306,False
5307,False
5308,False
5309,False
5310,False
5311,True
5312,False
5313,False
5314,True
5315,False
5316,False
5317,False
5318,False
5319,False
5320,False
5321,True
5322,False
5323,False
5324,False
5325,False
5326,True
5327,True
5328,True
5329,False
5330,False
5331,True
5332,False
5333,False
5334,False
5335,True
5336,False
5337,False
5338,True
5339,True
5340,False
5341,False
5342,True
5343,False
5344,True
5345,True
5346,True
5347,True
5348,False
5349,False
5350,False
5351,False
5352,False
5353,False
5354,False
5355,False
5356,True
5357,True
5358,True
5359,True
5360,True
5361,False
5362,False
5363,False
5364,False
5365,False
5366,False
5367,True
5368,False
5369,True
5370,False
5371,False
5372,False
5373,False
5374,False
5375,True
5376,False
5377,False
5378,True
5379,False
5380,False
5381,True
5382,True
5383,False
5384,True
5385,False
5386,False
5387,False
5388,True
5389,True
5390,True
5391,False
5392,False
5393,False
5394,False
5395,False
5396,True
5397,False
5398,False
5399,True
5400,False
5401,False
5402,True
5403,False
5404,False
5405,False
5406,True
5407,False
5408,False
5409,False
5410,False
5411,False
5412,False
5413,True
5414,False
5415,False
5416,False
5417,True
5418,False
5419,True
5420,False
5421,False
5422,False
5423,False
5424,True
5425,False
5426,False
5427,False
5428,False
5429,False
5430,False
5431,False
5432,False
5433,False
5434,False
5435,False
5436,False
5437,True
5438,False
5439,False
5440,False
5441,False
5442,True
5443,True
5444,False
5445,True
5446,False
5447,False
5448,False
5449,True
5450,True
5451,False
5452,False
5453,False
5454,True
5455,False
5456,False
5457,False
5458,False
5459,False
5460,False
5461,True
5462,False
5463,False
5464,False
5465,False
5466,False
5467,False
5468,False
5469,False
5470,False
5471,True
5472,True
5473,False
5474,False
5475,False
5476,True
5477,True
5478,False
5479,False
5480,False
5481,True
5482,False
5483,True
5484,False
5485,False
5486,False
5487,False
5488,False
5489,False
5490,True
5491,False
5492,False
5493,False
5494,False
5495,False
5496,False
5497,True
5498,False
5499,True
5500,True
5501,False
5502,False
5503,False
5504,False
5505,False
5506,False
5507,True
5508,False
5509,False
5510,True
5511,False
5512,False
5513,False
5514,True
5515,True
5516,False
5517,True
5518,True
5519,False
5520,False
5521,False
5522,True
5523,True
5524,True
5525,True
5526,False
5527,True
5528,True
5529,False
5530,False
5531,False
5532,False
5533,False
5534,False
5535,False
5536,False
5537,True
5538,False
5539,True
5540,True
5541,False
5542,False
5543,False
5544,False
5545,False
5546,False
5547,False
5548,False
5549,False
5550,True
5551,False
5552,False
5553,False
5554,False
5555,False
5556,False
5557,False
5558,False
5559,True
5560,False
5561,False
5562,False
5563,False
5564,False
5565,True
5566,False
5567,True
5568,False
5569,True
5570,False
5571,False
5572,True
5573,True
5574,False
5575,False
5576,False
5577,False
5578,False
5579,False
5580,False
5581,False
5582,True
5583,False
5584,False
5585,True
5586,True
5587,False
5588,False
5589,False
5590,False
5591,False
5592,False
5593,True
5594,True
5595,True
5596,False
5597,False
5598,False
5599,False
5600,False
5601,True
5602,False
5603,True
5604,False
5605,False
5606,True
5607,False
5608,False
5609,False
5610,False
5611,False
5612,False
5613,False
5614,False
5615,False
5616,True
5617,False
5618,False
5619,False
5620,False
5621,False
5622,False
5623,False
5624,True
5625,False
5626,False
5627,False
5628,False
5629,False
5630,False
5631,False
5632,False
5633,True
5634,True
5635,False
5636,False
5637,False
5638,False
5639,False
5640,False
5641,True
5642,True
5643,False
5644,False
5645,True
5646,False
5647,False
5648,False
5649,True
5650,True
5651,False
5652,False
5653,False
5654,False
5655,False
5656,True
5657,False
5658,False
5659,False
5660,False
5661,False
5662,True
5663,True
5664,False
5665,False
5666,True
5667,False
5668,False
5669,False
5670,False
5671,False
5672,False
5673,False
5674,False
5675,False
5676,True
5677,True
5678,True
5679,False
5680,False
5681,False
5682,False
5683,False
5684,False
5685,False
5686,False
5687,False
5688,False
5689,False
5690,False
5691,True
5692,False
5693,False
5694,True
5695,True
5696,True
5697,True
5698,True
5699,True
5700,False
5701,False
5702,False
5703,False
5704,True
5705,True
5706,False
5707,False
5708,True
5709,True
5710,False
5711,False
5712,True
5713,False
5714,True
5715,True
5716,True
5717,True
5718,False
5719,False
5720,True
5721,False
5722,False
5723,False
5724,False
5725,False
5726,False
5727,False
5728,False
5729,False
5730,False
5731,True
5732,False
5733,False
5734,False
5735,False
5736,False
5737,False
5738,False
5739,False
5740,False
5741,False
5742,False
5743,False
5744,True
5745,False
5746,False
5747,True
5748,False
5749,False
5750,False
5751,False
5752,False
5753,False
5754,False
5755,False
5756,False
5757,True
5758,False
5759,False
5760,True
5761,True
5762,False
5763,False
5764,False
5765,False
5766,False
5767,False
5768,False
5769,False
5770,False
5771,False
5772,False
5773,True
5774,False
5775,False
5776,True
5777,False
5778,False
5779,True
5780,True
5781,False
5782,True
5783,True
5784,True
5785,True
5786,True
5787,False
5788,False
5789,False
5790,False
5791,False
5792,False
5793,False
5794,False
5795,False
5796,False
5797,False
5798,False
5799,False
5800,False
5801,True
5802,False
5803,False
5804,False
5805,False
5806,False
5807,False
5808,False
5809,True
5810,False
5811,False
5812,True
5813,False
5814,False
5815,False
5816,False
5817,True
5818,False
5819,False
5820,True
5821,True
5822,True
5823,False
5824,True
5825,False
5826,True
5827,False
5828,False
5829,False
5830,False
5831,True
5832,False
5833,False
5834,False
5835,False
5836,False
5837,False
5838,False
5839,False
5840,True
5841,True
5842,True
5843,False
5844,False
5845,False
5846,False
5847,False
5848,False
5849,True
5850,False
5851,False
5852,False
5853,False
5854,True
5855,False
5856,True
5857,False
5858,False
5859,True
5860,True
5861,False
5862,True
5863,False
5864,False
5865,False
5866,False
5867,False
5868,True
5869,False
5870,True
5871,False
5872,False
5873,False
5874,True
5875,False
5876,True
5877,True
5878,False
5879,False
5880,False
5881,True
5882,True
5883,False
5884,True
5885,True
5886,False
5887,False
5888,True
5889,True
5890,False
5891,False
5892,False
5893,False
5894,True
5895,False
5896,True
5897,True
5898,True
5899,True
5900,False
5901,False
5902,True
5903,True
5904,False
5905,False
5906,False
5907,False
5908,False
5909,True
5910,False
5911,False
5912,False
5913,False
5914,False
5915,True
5916,False
5917,True
5918,False
5919,False
5920,True
5921,True
5922,False
5923,False
5924,True
5925,False
5926,True
5927,True
5928,False
5929,False
5930,False
5931,False
5932,False
5933,True
5934,True
5935,True
5936,True
5937,True
5938,True
5939,True
5940,True
5941,True
5942,True
5943,True
5944,True
5945,True
5946,True
5947,True
5948,False
5949,False
5950,False
5951,False
5952,False
5953,False
5954,False
5955,False
5956,False
5957,False
5958,False
5959,False
5960,False
5961,True
5962,False
5963,False
5964,False
5965,False
5966,False
5967,False
5968,True
5969,True
5970,True
5971,False
5972,False
5973,False
5974,False
5975,False
5976,False
5977,False
5978,False
5979,True
5980,False
5981,False
5982,True
5983,True
5984,False
5985,True
5986,False
5987,False
5988,False
5989,True
5990,True
5991,False
5992,True
5993,False
5994,True
5995,True
5996,False
5997,True
5998,False
5999,True
6000,False
6001,False
6002,True
6003,False
6004,False
6005,False
6006,False
6007,False
6008,False
6009,False
6010,False
6011,True
6012,False
6013,False
6014,True
6015,True
6016,True
6017,False
6018,True
6019,False
6020,True
6021,True
6022,True
6023,True
6024,False
6025,False
6026,False
6027,False
6028,False
6029,False
6030,False
6031,False
6032,False
6033,False
6034,True
6035,False
6036,False
6037,False
6038,True
6039,True
6040,False
6041,True
6042,False
6043,False
6044,True
6045,True
6046,True
6047,False
6048,False
6049,True
6050,False
6051,False
6052,True
6053,False
6054,True
6055,False
6056,False
6057,True
6058,False
6059,False
6060,False
6061,True
6062,True
6063,True
6064,False
6065,False
6066,False
6067,False
6068,True
6069,False
6070,False
6071,True
6072,True
6073,True
6074,False
6075,False
6076,False
6077,False
6078,False
6079,False
6080,False
6081,False
6082,False
6083,False
6084,True
6085,True
6086,False
6087,False
6088,False
6089,False
6090,False
6091,False
6092,False
6093,False
6094,True
6095,False
6096,True
6097,False
6098,False
6099,True
6100,False
6101,False
6102,True
6103,False
6104,False
6105,False
6106,False
6107,True
6108,False
6109,False
6110,False
6111,False
6112,True
6113,False
6114,True
6115,True
6116,False
6117,False
6118,False
6119,False
6120,False
6121,False
6122,False
6123,False
6124,False
6125,False
6126,True
6127,False
6128,False
6129,True
6130,True
6131,False
6132,False
6133,False
6134,False
6135,True
6136,False
6137,True
6138,True
6139,True
6140,True
6141,True
6142,True
6143,False
6144,False
6145,True
6146,True
6147,False
6148,True
6149,False
6150,False
6151,False
6152,False
6153,True
6154,True
6155,False
6156,False
6157,True
6158,False
6159,False
6160,True
6161,False
6162,False
6163,True
6164,True
6165,True
6166,True
6167,True
6168,True
6169,True
6170,True
6171,True
6172,True
6173,False
6174,True
6175,True
6176,False
6177,True
6178,False
6179,False
6180,False
6181,False
6182,False
6183,True
6184,False
6185,False
6186,False
6187,False
6188,False
6189,False
6190,False
6191,True
6192,False
6193,False
6194,False
6195,False
6196,False
6197,True
6198,False
6199,False
6200,False
6201,True
6202,True
6203,True
6204,True
6205,True
6206,False
6207,False
6208,False
6209,True
6210,False
6211,False
6212,False
6213,False
6214,False
6215,False
6216,False
6217,False
6218,True
6219,True
6220,False
6221,True
6222,False
6223,False
6224,False
6225,False
6226,False
6227,False
6228,True
6229,False
6230,False
6231,False
6232,False
6233,False
6234,False
6235,False
6236,False
6237,False
6238,False
6239,True
6240,False
6241,False
6242,False
6243,False
6244,False
6245,False
6246,False
6247,True
6248,True
6249,True
6250,True
6251,False
6252,True
6253,False
6254,True
6255,True
6256,False
6257,True
6258,False
6259,False
6260,False
6261,False
6262,True
6263,False
6264,False
6265,False
6266,True
6267,False
6268,False
6269,False
6270,False
6271,True
6272,True
6273,False
6274,False
6275,False
6276,False
6277,False
6278,True
6279,False
6280,False
6281,False
6282,False
6283,False
6284,True
6285,False
6286,False
6287,True
6288,False
6289,False
6290,False
6291,False
6292,True
6293,False
6294,True
6295,True
6296,True
6297,False
6298,False
6299,True
6300,True
6301,True
6302,True
6303,True
6304,True
6305,True
6306,True
6307,False
6308,False
6309,False
6310,False
6311,True
6312,False
6313,False
6314,False
6315,False
6316,False
6317,True
6318,False
6319,True
6320,True
6321,False
6322,False
6323,False
6324,False
6325,False
6326,False
6327,False
6328,False
6329,True
6330,False
6331,False
6332,False
6333,False
6334,False
6335,True
6336,False
6337,False
6338,False
6339,False
6340,True
6341,False
6342,True
6343,False
6344,False
6345,False
6346,False
6347,True
6348,False
6349,False
6350,False
6351,True
6352,False
6353,False
6354,False
6355,True
6356,True
6357,True
6358,True
6359,True
6360,True
6361,True
6362,True
6363,False
6364,False
6365,False
6366,True
6367,False
6368,False
6369,False
6370,False
6371,False
6372,False
6373,False
6374,True
6375,True
6376,False
6377,False
6378,False
6379,False
6380,True
6381,False
6382,False
6383,False
6384,False
6385,False
6386,True
6387,False
6388,False
6389,True
6390,False
6391,True
6392,False
6393,False
6394,True
6395,False
6396,False
6397,False
6398,False
6399,False
6400,False
6401,False
6402,False
6403,True
6404,False
6405,False
6406,False
6407,True
6408,False
6409,False
6410,False
6411,False
6412,False
6413,False
6414,False
6415,False
6416,False
6417,False
6418,False
6419,False
6420,False
6421,False
6422,False
6423,True
6424,True
6425,True
6426,True
6427,True
6428,True
6429,True
6430,False
6431,False
6432,False
6433,True
6434,True
6435,True
6436,True
6437,False
6438,False
6439,True
6440,False
6441,True
6442,False
6443,True
6444,False
6445,True
6446,False
6447,True
6448,True
6449,False
6450,True
6451,False
6452,False
6453,False
6454,False
6455,False
6456,True
6457,False
6458,False
6459,False
6460,True
6461,False
6462,False
6463,True
6464,True
6465,False
6466,False
6467,False
6468,True
6469,False
6470,True
6471,True
6472,True
6473,True
6474,True
6475,True
6476,True
6477,True
6478,True
6479,False
6480,True
6481,False
6482,False
6483,True
6484,False
6485,False
6486,False
6487,False
6488,False
6489,False
6490,False
6491,False
6492,False
6493,True
6494,False
6495,False
6496,False
6497,True
6498,False
6499,True
6500,False
6501,False
6502,False
6503,True
6504,False
6505,True
6506,True
6507,False
6508,True
6509,True
6510,True
6511,True
6512,False
6513,False
6514,True
6515,False
6516,True
6517,True
6518,False
6519,False
6520,False
6521,True
6522,True
6523,False
6524,False
6525,True
6526,False
6527,False
6528,False
6529,True
6530,False
6531,False
6532,False
6533,False
6534,True
6535,True
6536,True
6537,False
6538,False
6539,True
6540,False
6541,True
6542,False
6543,False
6544,True
6545,False
6546,True
6547,True
6548,True
6549,False
6550,True
6551,True
6552,False
6553,True
6554,True
6555,False
6556,True
6557,False
6558,False
6559,False
6560,True
6561,True
6562,True
6563,False
6564,False
6565,False
6566,False
6567,False
6568,True
6569,False
6570,False
6571,False
6572,True
6573,True
6574,False
6575,False
6576,False
6577,False
6578,False
6579,True
6580,True
6581,True
6582,True
6583,True
6584,True
6585,True
6586,True
6587,False
6588,False
6589,False
6590,False
6591,True
6592,False
6593,False
6594,False
6595,False
6596,False
6597,False
6598,False
6599,False
6600,False
6601,False
6602,False
6603,False
6604,False
6605,False
6606,False
6607,False
6608,False
6609,False
6610,False
6611,True
6612,False
6613,False
6614,False
6615,True
6616,True
6617,False
6618,False
6619,False
6620,False
6621,False
6622,False
6623,False
6624,False
6625,False
6626,False
6627,False
6628,False
6629,False
6630,False
6631,False
6632,False
6633,False
6634,False
6635,False
6636,False
6637,False
6638,False
6639,False
6640,False
6641,False
6642,False
6643,False
6644,False
6645,False
6646,False
6647,False
6648,False
6649,True
6650,False
6651,False
6652,False
6653,False
6654,False
6655,False
6656,True
6657,True
6658,False
6659,False
6660,True
6661,False
6662,False
6663,False
6664,True
6665,False
6666,True
6667,True
6668,True
6669,False
6670,False
6671,True
6672,False
6673,False
6674,False
6675,True
6676,True
6677,True
6678,False
6679,False
6680,True
6681,False
6682,True
6683,False
6684,True
6685,False
6686,False
6687,False
6688,False
6689,False
6690,False
6691,False
6692,False
6693,False
6694,False
6695,False
6696,False
6697,False
6698,False
6699,False
6700,False
6701,True
6702,True
6703,True
6704,False
6705,False
6706,False
6707,False
6708,True
6709,True
6710,False
6711,False
6712,False
6713,False
6714,True
6715,False
6716,True
6717,False
6718,False
6719,False
6720,False
6721,True
6722,False
6723,False
6724,False
6725,True
6726,False
6727,False
6728,False
6729,False
6730,False
6731,True
6732,False
6733,True
6734,False
6735,False
6736,False
6737,False
6738,True
6739,False
6740,True
6741,True
6742,True
6743,True
6744,False
6745,False
6746,False
6747,False
6748,False
6749,False
6750,False
6751,False
6752,False
6753,False
6754,False
6755,False
6756,False
6757,False
6758,False
6759,False
6760,False
6761,False
6762,False
6763,False
6764,True
6765,False
6766,False
6767,False
6768,False
6769,False
6770,False
6771,False
6772,True
6773,False
6774,False
6775,False
6776,False
6777,False
6778,False
6779,False
6780,False
6781,False
6782,True
6783,True
6784,True
6785,True
6786,True
6787,True
6788,True
6789,True
6790,False
6791,True
6792,False
6793,False
6794,False
6795,True
6796,True
6797,True
6798,False
6799,False
6800,False
6801,False
6802,False
6803,False
6804,False
6805,False
6806,False
6807,False
6808,False
6809,True
6810,True
6811,True
6812,False
6813,False
6814,False
6815,False
6816,False
6817,False
6818,False
6819,True
6820,False
6821,True
6822,False
6823,False
6824,False
6825,False
6826,True
6827,False
6828,False
6829,True
6830,False
6831,False
6832,True
6833,True
6834,True
6835,False
6836,False
6837,False
6838,False
6839,True
6840,False
6841,True
6842,True
6843,True
6844,False
6845,False
6846,False
6847,False
6848,True
6849,True
6850,False
6851,False
6852,False
6853,False
6854,False
6855,False
6856,True
6857,False
6858,True
6859,False
6860,True
6861,True
6862,True
6863,False
6864,False
6865,False
6866,True
6867,False
6868,False
6869,False
6870,False
6871,False
6872,False
6873,False
6874,False
6875,False
6876,False
6877,False
6878,False
6879,False
6880,False
6881,False
6882,False
6883,False
6884,True
6885,True
6886,False
6887,False
6888,False
6889,False
6890,False
6891,True
6892,False
6893,True
6894,False
6895,False
6896,True
6897,True
6898,True
6899,False
6900,True
6901,False
6902,False
6903,False
6904,False
6905,False
6906,False
6907,True
6908,True
6909,False
6910,False
6911,False
6912,False
6913,True
6914,False
6915,False
6916,False
6917,False
6918,True
6919,False
6920,True
6921,True
6922,True
6923,False
6924,True
6925,True
6926,True
6927,True
6928,False
6929,True
6930,True
6931,False
6932,False
6933,True
6934,True
6935,False
